﻿Designator,Footprint,Quantity,Value,LCSC Part #
"C1, C3, C8",0603,3,1uF,
"C10, C9",0603,2,22pF,
"C2, C4, C5, C6",0603,4,0.1uF,
C7,0603,1,4.7uF,
D1,D_SOD-523,1,Safety Diode,
D2,0603,1,LED,
J1,Molex_KK-254_AE-6410-04A_1x04_P2.54mm_Vertical,1,FAN1,
J2,Molex_KK-254_AE-6410-04A_1x04_P2.54mm_Vertical,1,FAN2,
J3,Molex_KK-254_AE-6410-04A_1x04_P2.54mm_Vertical,1,FAN3,
J4,JST_XH_B3B-XH-A_1x03_P2.50mm_Vertical,1,CT,
J5,JST_XH_B4B-XH-A_1x04_P2.50mm_Vertical,1,UART,
J6,TerminalBlock_bornier-2_P5.08mm,1,12V IN,
J7,JST_XH_B2B-XH-A_1x02_P2.50mm_Vertical,1,TEMP1,
J8,JST_XH_B2B-XH-A_1x02_P2.50mm_Vertical,1,TEMP2,
J9,TerminalBlock_bornier-2_P5.08mm,1,Conn Relay,
Q1,TO-220-3_Horizontal_TabDown,1,IRF540N,
"R1, R2",0603,2,4K7,
R3,0603,1,100,
R4,0603,1,10K,
"R5, R6, R7",0603,3,1K,
R8,0603,1,330,
SW1,SW_Tactile_SPST_NO_Straight_CK_PTS636Sx25SMTRLFS,1,RESET,
U1,SOT-223-3_TabPin2,1,AMS1117-5.0,
U2,TQFP-32_7x7mm_P0.8mm,1,ATmega328P-A,
Y1,Crystal_HC49-U_Vertical,1,Crystal,
